INSERT INTO game(game_id, name_game, developer, release_date, price_for_game) 
VALUES('10', 'Counter-Strike', 'Valve', '2000-11-01',  7.40);
INSERT INTO game(game_id, name_game, developer, release_date, price_for_game) 
VALUES('20', 'Team Fortress Classic', 'Valve', '1999-04-01',  3.99);
INSERT INTO game(game_id, name_game, developer, release_date,  price_for_game) 
VALUES('30', 'Day of Defeat', 'Valve', '2003-05-01',  3.58);
INSERT INTO game(game_id, name_game, developer, release_date,  price_for_game) 
VALUES('40', 'Deathmatch Classic', 'Valve', '2001-06-01', 4.23);
INSERT INTO game(game_id, name_game, developer, release_date,  price_for_game) 
VALUES('50', 'Half-Life: Opposing Force', 'Gearbox Software', '1999-11-01',  2.10);
INSERT INTO game(game_id, name_game, developer, release_date,  price_for_game) 
VALUES('60', 'Ricochet', 'Valve', '2000-11-01',  4.50);
INSERT INTO game(game_id, name_game, developer, release_date,  price_for_game) 
VALUES('70', 'Half-Life', 'Valve', '1998-11-08',  7.06);
INSERT INTO game(game_id, name_game, developer, release_date,  price_for_game) 
VALUES('80', 'Counter-Strike: Condition Zero', 'Valve','2004-03-01',  7.29);


INSERT INTO rating(game_id, date_rating  ,positive_rating,negative_rating) 
VALUES ('10','2022-12-25', '124534', '3339');
INSERT INTO rating(game_id,date_rating  , positive_rating,negative_rating) 
VALUES ('20','2022-12-25', '3318', '633');
INSERT INTO rating(game_id,date_rating  , positive_rating,negative_rating) 
VALUES ('30','2022-12-25', '3416', '267');
INSERT INTO rating(game_id,date_rating  , positive_rating,negative_rating) 
VALUES ('40','2022-12-25', '1273', '267');
INSERT INTO rating(game_id,date_rating  , positive_rating,negative_rating) 
VALUES ('50','2022-12-25', '5250', '288');
INSERT INTO rating(game_id,date_rating  , positive_rating,negative_rating) 
VALUES ('60','2022-12-25', '2758', '684');
INSERT INTO rating(game_id,date_rating  , positive_rating,negative_rating) 
VALUES ('70','2022-12-25', '2758', '1100');
INSERT INTO rating(game_id,date_rating  , positive_rating,negative_rating) 
VALUES ('80','2022-12-25', '12120', '1439');


INSERT INTO gamegenres(game_id, genres_name) 
VALUES (10, 'Action');
INSERT INTO gamegenres(game_id, genres_name) 
VALUES(20, 'Action');
INSERT INTO gamegenres(game_id, genres_name) 
VALUES(30, 'Action');
INSERT INTO gamegenres(game_id, genres_name) 
VALUES(40, 'Action');
INSERT INTO gamegenres(game_id, genres_name) 
VALUES(50, 'Action');
INSERT INTO gamegenres(game_id, genres_name) 
VALUES(60, 'Action');
INSERT INTO gamegenres(game_id, genres_name) 
VALUES(70, 'Action');
INSERT INTO gamegenres(game_id, genres_name) 
VALUES(80, 'Action');
